{"test_loss": 6.601221866731066e-05, "horizon_mse": [8.474635251332074e-05, 4.727874693344347e-05]}