{"train_loss": [5.725191890341895, 0.03998735188007621, 0.0008034657735444333, 0.0007404371123162231, 0.0006595370538499473, 0.0005992042013011606, 0.0019730330997228002, 0.000998935186817107, 0.002750063676153656, 0.006106718643448922], "val_loss": [0.3287962004542351, 0.0025392354000359774, 0.001815407129470259, 0.001244468818185851, 6.601221866731066e-05, 0.00010906184797931928, 0.005745220056269318, 0.0034248265146743506, 0.0014932730118744075, 0.000284241177723743], "best_val_loss": 6.601221866731066e-05}