{"test_loss": 3.832578568108147e-05, "horizon_mse": [1.8078866560244933e-05, 5.8572411944624037e-05]}