{"train_loss": [14.39694697516305, 1.7625318324459451, 0.0063152993268366635, 0.0023241373194780733, 0.004194872260060428, 0.003748458525764623, 0.001938578268787491, 0.0031957015882913505, 0.002025801480613154, 0.0013016081346384973], "val_loss": [6.491074860095978, 0.02834067866206169, 0.0012515292328316718, 0.0013391688698902726, 0.003486883651930839, 0.00042823496551136486, 3.832578568108147e-05, 0.0007306084880838171, 0.0002601506821520161, 0.0016880057664820924], "best_val_loss": 3.832578568108147e-05}